{
  "hash": "f3bfa9b3",
  "configHash": "20615a6c",
  "lockfileHash": "f7a3e121",
  "browserHash": "aea08e90",
  "optimized": {
    "@angular/core": {
      "src": "../../../../../../node_modules/@angular/core/fesm2022/core.mjs",
      "file": "@angular_core.js",
      "fileHash": "4f0a0adc",
      "needsInterop": false
    },
    "@angular/platform-browser": {
      "src": "../../../../../../node_modules/@angular/platform-browser/fesm2022/platform-browser.mjs",
      "file": "@angular_platform-browser.js",
      "fileHash": "e0f0ad11",
      "needsInterop": false
    },
    "@angular/forms": {
      "src": "../../../../../../node_modules/@angular/forms/fesm2022/forms.mjs",
      "file": "@angular_forms.js",
      "fileHash": "39835bda",
      "needsInterop": false
    },
    "@angular/common": {
      "src": "../../../../../../node_modules/@angular/common/fesm2022/common.mjs",
      "file": "@angular_common.js",
      "fileHash": "95fce406",
      "needsInterop": false
    }
  },
  "chunks": {
    "chunk-YR5SAGGQ": {
      "file": "chunk-YR5SAGGQ.js"
    },
    "chunk-XO6REJFG": {
      "file": "chunk-XO6REJFG.js"
    }
  }
}